1,1,E,VILLA DE ACUITZIO
1,2,E,EL TZINTZUN
1,3,E,ZIPARAPIO EL ALTO
1,5,E,SAN ANDRES COAPA
1,7,E,EL VARAL
1,8,H,LA PEÑITA
2,1,E,AGUA CERCADA
2,2,E,AGUILILLA
2,3,E,EL AGUAJE
2,4,E,CHAPULA
2,5,E,HUIZTO
2,6,E,LA HUERTA
2,7,E,EL LIMON
2,8,E,EL MAMEY
2,9,E,MESA DE LOBOS
2,10,E,PALO ALTO
2,12,E,EL PLATANILLO
2,13,E,EL REPARITO
2,14,E,EL PINO
2,15,E,EL NARANJO
2,16,E,LA PALMA
2,19,E,VOLADEROS
3,1,E,SAN BARTOLO
3,2,H,ANZIHUACUARO
3,4,E,COLONIA CARRILLO PUERTO
3,5,E,CHEHUAYO GRANDE
3,6,E,EMILIANO ZAPATA
3,9,H,LEON CARDENAS (LAS TROJES)
3,10,E,MARIANO ESCOBEDO
3,12,E,LA MINA
3,13,E,PALO BLANCO
3,15,E,LA PURISIMA
3,16,E,LA PRESA
3,17,E,SAN AGUSTIN DEL PULQUE
3,19,E,SINGUIO
3,21,E,LOS TROJES
3,22,E,ZINTZIMEO
3,23,E,EL VENADO
3,24,E,ZACAPENDO
3,25,E,EL ZAPOTE
3,27,E,EL CALVARIO
3,28,E,CUPARATARO
3,29,E,LAZARO CARDENAS
3,30,H,FELIPE ANGELES
4,1,E,AGUA CALIENTE
4,2,E,ARAMUTARO DE LA CAL
4,3,E,ARANJUEZ
4,4,E,VILLA UNION
4,5,E,EL REFUGIO
4,6,E,EL TROJE
4,7,E,ESTANCIA DEL RIO
4,8,E,GUADALUPE NORTE
4,9,E,GUADALUPE SUR
4,10,E,EL GUAYABO BUENAVISTA
4,11,E,LA CANOA
4,12,E,EL MALUCO Y SU ANEXO LA COLONIA SAN JOSE DEL MALUCO
4,13,E,MIRAVALLE
4,14,E,EL PARAISO
4,15,E,LA PALMA
4,16,E,EL ROSARIO
4,17,E,SAN DIEGO BUENAVISTA
4,18,E,SAN IGNACIO
4,19,E,SAN PEDRO
4,20,E,SANTA MARIA
4,21,E,SANTIAGO CONGURIPO
4,22,E,EL PITAHAYO
4,23,E,CURICIPO
4,24,E,SAN VICENTE DEL MARMOL
4,25,E,EL ZAPOTE
5,1,E,ANGANGUEO
5,3,E,RONDANILLA
5,4,E,JESUS NAZARENO
5,5,E,SANTA ANA
5,6,E,LOS REMEDIOS
5,7,E,HERVIDERO Y PLANCHA
6,1,E,ACAHUATO
6,2,E,ACATLAN
6,3,E,EL ALCALDE Y SUS ANEXOS LAS BATEAS Y EL BEJUCO
6,4,E,APATZINGAN
6,5,E,CALIFORNIA
6,6,E,CHANDIO
6,7,E,CHIQUIHUITILLO
6,8,E,LA CONCHA
6,9,E,ING. CUAUHTEMOC CARDENAS
6,10,E,CUERAMATO
6,11,E,EL CAPIRE
6,13,E,EL MIRADOR
6,14,E,EL MOLINITO
6,15,E,EL TEPETATE
6,16,E,LA FLORIDA
6,17,E,HOLANDA
6,18,E,LOS HOYOS
6,19,E,LA HUERTA
6,20,E,LA COFRADIA
6,21,E,LA NOPALERA
6,22,E,LAS ANONAS
6,23,E,LOS ARQUITOS
6,24,E,MATA DE PLATANO
6,25,E,MIGUEL HIDALGO Y COSTILLA
6,26,E,PRESA DEL ROSARIO
6,27,E,PUERTA DE ALAMBRE (AYACUATO)
6,28,E,LOS PUERTECITOS
6,29,E,EL RECREO
6,30,E,"SAN ANTONIO LA LABOR Y SUS ANEXOS EL PITAYO, LA CABALLADA Y LA PLAYA"
6,31,E,SAN FERNANDO
6,32,E,SAN FERNANDO Y EL MORADO
6,33,E,HACIENDA DE CHILA
6,34,E,SAN JUAN DE LOS PLATANOS
6,35,E,SANDOVAL
6,36,E,SANTA ROSA
6,37,E,EL TESORERO
6,38,E,TIMAPA
6,39,E,EL CAJON
6,41,E,SAN JOSE Y LA COFRADIA
6,42,E,EL PINO
6,43,E,COL JOSE MARIA MORELOS
6,46,H,CERRO BLANCO
6,51,E,EL MANZO
6,55,E,PALO ALTO
6,56,E,POTRERILLOS DE CORIA
6,58,E,LA INDIA O MESA DE LA INDIA
6,59,E,LAS CRUCITAS
6,60,E,LA PAREJA
6,61,E,FELIPE ANGELES
6,62,H,LA ANGOSTURA
6,63,E,5 DE MAYO
7,1,E,APORO
7,2,E,ARROYO SECO
7,3,E,RINCON DE SOTO
8,1,C,EL COIRE
8,2,E,MAQUILI
8,3,C,POMARO
8,4,E,SALINAS DE LA PLACITA
8,5,C,SAN MIGUEL AQUILA
8,6,C,SANTA MARIA OSTULA
9,1,E,"ARIO DE ROSALES Y SUS ANEXOS, TUNACUARO, LOS PAREO"
9,2,E,CARAMICUAS
9,3,E,CARRIZALILLO
9,4,E,BUENAVISTA DEL SUR
9,5,H,CHUEN
9,6,CH,LA BARRA
9,7,E,PALMA DE ALTAMIRA
9,8,E,TIPITARILLO
9,10,E,EL ARENAL
9,11,E,EL CALABOZO
9,12,E,EL CANGREJO
9,13,E,EL DURAZNO
9,14,E,EL LIMON DE TEJAMANIL
9,15,E,EL MORAL
9,16,E,EL TEJAMANIL
9,17,E,"SAN JOSE DE CAÑAS Y SUS ANEXOS, EL CUARAYO, EL TRA"
9,18,H,LA SANDIA
9,19,E,LOS ATES
9,20,H,MESA DEL MANZANILLO
9,21,H,MIGUEL SILVA
9,22,H,PABLO CUIN
9,23,E,LA PLAYA
9,24,E,RINCON DE LA YERBABUENA
9,25,H,EL TEPAMAL
9,26,E,EL BARRO
9,27,H,EL COLORIN
9,28,E,EL PEDRIZCO
9,29,H,LOS NEGROS
9,30,E,"EL ORTIGAL Y SUS ANEXOS, HORTIGALITO, AFRICA, EL C"
9,31,E,LA ALBERCA Y SUS ANEXOS EL GUAYABO LA ALBERQUITA Y EL SAUCITO
9,32,E,LA COMPAÑIA
9,35,E,"PALMA CUATA Y SUS ANEXOS LOS BUEYES, EL OTATAL Y EL POTRERO"
9,36,E,TZATZIO
9,37,E,TIRINDIRITZIO
9,38,E,LAS PUENTES
9,40,E,LA CEBADILLA Y ANEXOS EL SALTILLO Y ANIMAS
9,42,E,PUERTA DEL PASO REAL
9,43,E,LAZARO CARDENAS
9,55,CH,TIRINDIRITZIO
9,56,H,TUNACUARO
9,57,H,LOS PAREOS
9,58,H,LA BARRA
10,1,E,ARTEAGA
10,2,E,EL CASCALOTE
10,3,E,CERRO DE LA LUMBRE
10,4,E,LOS COPALES Y ANEXOS
10,5,H,CUPUAN DEL RIO
10,6,E,EL ENCINITO
10,7,E,LOS ESPINOSA
10,8,E,LOS HORCONES
10,10,E,LA LAJITA Y PALOS PRIETOS
10,11,E,LA PAREJA
10,12,E,PINZANDARAN
10,13,E,LA PITIRERA
10,14,C,LOS POZOS
10,15,E,SAN JOSE DEL MILAGRO
10,16,E,EL SAUZ
10,17,E,TOLUQUILLA
10,18,E,EL VALLE Y ANEXOS
10,19,E,LA VINATA
10,23,E,JAUJILLA Y SU ANEXO
10,24,E,PASO HONDO
11,1,E,BRISEÑAS
11,2,E,CUMUATO
11,3,E,IBARRA
11,4,E,PASO DE ALAMOS
12,1,C,SANTA ANA AMATLAN
12,2,E,SANTA ANA AMATLAN
12,4,E,EL CAHULOTE
12,5,E,CATALINAS
12,6,E,CERRITO COLORADO
12,8,E,CRUCERO DE CATALINAS
12,9,E,LOS CHARCOS
12,10,E,18 DE MARZO
12,11,E,DOROTEO ARANGO Y SU ANEXO LAS CRUCES
12,12,E,FELIPE CARRILLO PUERTO
12,13,E,FRANCISCO I. MADERO
12,14,E,EL GUAYABO
12,15,E,GUADALUPE
12,16,E,GUARACHITA DE MORELOS
12,18,E,LAZARO CARDENAS
12,19,E,EL LIMON
12,20,E,LOS MOJOS Y ANEXOS
12,21,E,LAS PAREDES (HOY VICENTE GUERRERO)
12,22,E,LAS PAREDES DEL AHOGADO
12,23,E,LAS PAREDES NUMERO DOS
12,26,E,EL PILON
12,27,E,EL PIRU Y ANEXOS
12,28,E,EL PORVENIR
12,29,E,PUERTA DEL SOL
12,30,E,PUNTA DE AGUA
12,31,E,RAZO DEL ORGANO
12,32,E,EL REMOLINO
12,33,E,SANTA RITA
12,34,E,LA ROMERA
12,35,E,SIMANCA O PINZANDARO
12,36,E,EL VEINTICINCO
12,37,E,LA HUINA
12,38,E,LA PAROTA
12,40,H,SAN DIEGO BUENAVISTA
12,42,H,CURICIPO
12,44,H,EL PALMITO
12,45,H,VILLA UNION
12,46,E,LA PEDREGOZA
12,47,E,PEÑA COLORADA Y ANEXOS
12,50,E,BUENAVISTA TOMATLAN
12,51,E,LOS CIMIENTOS
12,52,E,EL CASTILLO
12,53,E,EL CRUCERO
12,57,E,GUAYABITO Y MENTIDERO
12,58,E,LAS LOMAS
12,59,E,LA HUINA DE AMATLAN
12,60,H,LOS ULTIMOS
12,61,H,EMILIANO ZAPATA
12,62,H,LA PALMA
13,1,E,CAPIRE  BRAVO
13,2,E,CARACUARO DE MORELOS
13,3,E,LA CARRERITA
13,4,E,EL CUITZILLO Y ANEXOS
13,5,E,LOS CHILARES Y ANEXOS
13,6,E,LAS GUACAMAYAS
13,7,E,RANCHO VIEJO
13,8,E,PASO DE NUÑEZ
13,9,E,JUNTAS DE ACUYO
13,10,E,EL LIMON VIEJO
13,11,E,OJO DE AGUA
13,12,E,EL REPARO
14,1,E,EL CERRITO
14,2,E,COAHUAYANA
14,4,E,EL RANCHITO
14,5,E,EL TICUIZ
14,6,E,LA PEÑA
14,7,E,PALOS MARIAS
14,8,E,SAN MIGUEL DEL RIO
14,9,E,SANTA MARIA MIRAMAR
14,10,E,SAN VICENTE
14,11,E,ZAPOTAN
14,12,CH,ACHOTAN
14,13,H,COLONIA 20 DE NOVIEMBRE
15,1,E,BARRANCA SECA
15,2,E,EL VARALOSO
15,3,E,EL CUARTON
15,4,E,EL GUAYABO
15,6,E,MESA BONITA
15,7,E,PANTLA
15,8,E,SAUZ DE TROJES
15,9,E,EL GUAYABILLO
15,10,E,LAS TROJES
15,11,E,EL TERRERO
16,1,E,COENEO
16,2,E,CORTIJO NUEVO
16,3,E,EMILIANO ZAPATA
16,4,E,CORTIJO VIEJO
16,5,E,COLONIA FELIX IRETA
16,6,E,BELLAS FUENTES
16,7,E,AGUA CALIENTE
16,8,E,COLONIA PRIMO TAPIA
16,9,E,LAREDO
16,10,E,SAN PEDRO TACARO
16,11,E,OJO DE AGUITA
16,12,E,EL DURAZNO Y SAN JOSE
16,13,E,EL RODEO
16,14,E,LA CIENEGUITA
16,15,E,LA COFRADIA
16,16,E,QUENCIO
16,17,E,SAN ISIDRO
16,18,E,EL PUENTE
16,19,E,TACUPO
16,20,E,CHAHUETO Y EL MORAL
16,21,E,LA CAÑADA
16,22,E,EL COBRERO
16,23,E,ZIPIAJO
16,24,E,TUNGUITIRO
16,25,E,PRETORIA
16,26,E,EL TRANSVAL
16,27,E,COTIRO
16,28,E,LOS CHARCOS
16,29,E,MATUJEO
16,30,E,COLONIA LUIS ECHEVERRIA ALVAREZ
16,31,E,COMANJA
16,32,C,SANTIAGO AZAJO
16,33,E,LAS MESAS
16,34,E,EL CERRITO
16,35,E,JARIPITIRO
17,1,E,AGUA CALIENTE
17,2,E,ATOTONILCO
17,3,E,BRAVO
17,4,E,BUENAVISTA
17,5,E,EL SEREO
17,6,E,CERRO PRIETO
17,7,E,CONTEPEC
17,9,E,EL ENCINO
17,10,E,LA ESTANZUELA
17,11,E,LA HIGUERILLA
17,13,E,LA CHIRIPA
17,14,E,TEMASCALES
17,15,E,LAS CUEVAS
17,16,E,SAN ISIDRO HOY LAZARO CARDENAS
17,17,E,LOS MOGOTES DE SAN ISIDRO
17,18,E,EL MILAGRO
17,19,E,PATEO
17,20,E,LAS PILAS
17,21,E,SAN RAFAEL
17,22,E,LA RUEDA
17,23,E,SAN ANTONIO CERRO PRIETO
17,25,E,SANTA MARIA DE LA AHOGADA
17,26,E,EL TECOLOTE
17,27,E,TENERIAS DE TEPETONGO
17,28,E,TEPETONGO
17,29,E,TEPUXTEPEC
17,30,E,VENTA DE BRAVO
17,31,E,YEREGE
17,32,E,ZARAGOZA
17,33,E,PROVIDENCIA
17,34,H,SAN JOSE IXTAPA
18,1,E,COPANDARO
18,2,E,SANTA RITA
18,3,E,LAS CANOAS
18,4,E,EL FRESNO
18,5,E,SAN AGUSTIN DEL MAIZ
19,1,E,AYUMBA
19,2,E,COAMEO GRANDE
19,3,E,"EL PINAL Y ANEXOS, EL MORAL Y LOS CUTOS"
19,4,E,GALLINEROS
19,5,E,LOS ZAPOTES
19,6,E,SANTA MARIA
19,7,E,SAN JUANICO
19,8,E,FLECHERO Y SU ANEXO JARIPITIRO
19,9,E,EL BOSQUECILLO
19,10,E,EL SAUZ
19,11,E,"LOS ESPINOSAS Y SUS ANEXOS, EL LLANO DEL PERICO, EL MITOTE, TORRECILAS, EL TAJO"
19,12,E,COTIJA Y SUS ANEXOS
19,13,E,"EL LOBO Y ANEXOS EL VARAL DE LAS FLORES, AGUA DELGADA, EL TERRERO, EL CARRIZAL"
19,14,E,EL PASO
19,15,E,LA ESPERANZA
19,16,E,VISTA HERMOSA
19,17,E,"EL PUERTO Y SUS ANEXOS LA ALBERCA, EL JARAL, EL BARRIO Y EL AGUAJE"
19,18,E,TINGUINDIN
19,19,CH,LA LAGUNETA
20,1,E,CUITZEO DEL PORVENIR
20,2,E,SAN JUAN TARARAMEO
20,3,E,DOCTOR MIGUEL SILVA
20,4,E,JERUCO
20,5,E,CHUPICUARO
20,6,E,LA CINTA
20,7,E,RANCHO SECO
20,8,E,CUAMIO
20,9,E,CUARACURIO
21,1,C,CHARAPAN
21,3,CH,OCUMICHO
21,4,CH,SAN FELIPE DE LOS HERREROS
21,5,CH,COCUCHO
22,1,E,ARUMBARO
22,2,E,AGUACATE GRANDE
22,4,E,VILLA DE CHARO
22,5,E,LOS CIMIENTOS
22,8,E,IRAPEO
22,9,E,JARIPEO
22,10,E,LA GOLETA
22,11,E,LOMAS DE IRAPEO
22,12,E,LA MESA
22,13,E,NUEVO CORONILLAS
22,15,E,PITO REAL
22,17,E,SAN ANTONIO DE LOS CORRALES
22,18,E,CORRALES
22,22,CH,CHARO
22,25,E,CARLOS GALVEZ BETANCOURT
22,26,E,TRIGUILLOS AGUA FRIA
22,27,E,"SURUMBENEO Y SUS ANEXOS, ATAPANEO, ISAAC ARRIAGA, CONSUELO ALFARO DE VAZQUEZ Y SALITRILLO"
23,1,E,CHAVINDA
23,2,E,LA CUESTITA
23,3,E,LA ESPERANZA
23,5,E,MAGALLANES
23,6,E,LA SOLEDAD
23,7,E,EL TEPEHUAJE
23,8,E,LA TOSCA
23,9,E,SAN VICENTE
23,10,E,TANGAMANDAPIO
23,11,E,LA VERDUZQUEÑA (BENITO JUAREZ)
23,13,H,JOSE MARIA MORELOS
23,28,E,SAN JUAN PALMIRA
24,1,C,SAN FRANCISCO CHERAN HOY CHERAN
24,3,C,SANTA CRUZ TANACO
25,1,CH,SAN JUAN CARAPAN
25,2,CH,CHILCHOTA
25,3,CH,HUECATO
25,4,CH,SAN FRANCISCO ICHAN HOY ICHAN
25,6,CH,SAN BARTOLO UREN HOY UREN
25,7,CH,SAN FRANCISCO ACACHUEN
25,8,CH,SAN SEBASTIAN HUACINTO
25,9,CH,SANTA MARIA TACURO
25,10,C,SAN MIGUEL TANAQUILLO
25,11,C,SANTO TOMAS
25,12,CH,SAN PEDRO ZOPOCO
25,13,CH,RANCHO MORELOS
25,14,E,SAN MIGUEL TANAQUILLO
26,1,E,"BARRANCA SECA DE LARIOS Y SUS ANEXOS, PAROTA, CA?A"
26,2,E,COAHUAYULA
26,3,E,EL CHICO
26,4,E,PASO DE POTRERILLOS
26,5,CH,SAN JUAN HUIZONTLA
26,6,E,VILLA VICTORIA
26,7,H,ZAPOTE DE FERNANDEZ
26,8,E,EL ZIPIMO Y ANEXOS
27,1,E,CHUCANDIRO
27,2,E,LAS ARENAS
27,3,E,SURO
27,4,E,TANIMIRECHI
27,5,E,CARUCHEO CHICO
27,6,E,CARUCHEO GRANDE
27,7,E,URUNDANEO
27,8,E,LAS CRUCES
27,9,E,MARIJO
27,10,E,LA PRESA
27,12,E,EL SALITRE
27,13,E,EL SALTO
27,14,E,SAN SEBASTIAN
27,15,C,SAN NICOLAS CHUCANDIRO
27,16,E,EL JACAL Y EL BA?O
27,17,E,SIBERIA
27,18,E,TAHUACARO
28,1,E,CHANGUITIRO
28,2,E,CHURINTZIO
28,3,C,CHURINTZIO
28,4,E,EL SALTO
28,5,C,LA HIGUERA Y SU ANEXO HUAPAMACATO
28,6,E,HUAPAMACATO
28,7,E,SAN JUAN BAUTISTA ARAMUTARO
28,8,E,LA NORIA
28,9,E,LAS CRUCES
28,11,E,PATZIMARO DEL RINCON
28,12,E,SANGUIJUELAS
28,13,E,TORRECILLAS
28,14,E,COLONIA MORELOS
28,15,E,LOS ARROYUELOS
29,1,E,"CHURUMUCO Y SUS ANEXOS, LAS PILAS, EL TIMBIRICHE"
29,2,E,CUTIO
29,3,E,EL AHUIJOTE
29,4,E,AGUA NUEVA
29,5,E,CUERAMATO
29,6,E,CUERAMATO
29,7,H,LA LUZ
29,8,E,LA LOMA
29,9,E,"PALMA O PALMA DE GUARO Y ANEXOS, LA CALERA, COPALITOS, EL AHUILOTE Y EL GUAYACAN"
29,10,E,CUMUATO
29,11,E,LLANO DE OJO DE AGUA
29,12,E,LA HIGUERITA Y SU ANEXO EL PASEO
29,13,E,EL HUARICHO
29,14,C,CUITZAN
29,15,E,POTURO
29,16,E,LAS JUNTAS DE POTURO
29,17,E,SANTA ROSA
29,19,E,POTRERO DEL CORPUS O CORPUS
29,20,E,"EL SALITRE Y SUS ANEXOS, LAS PALMILLAS, EL TARETE"
29,21,E,OJO DE AGUA DE POTURO
29,22,H,MELCHOR OCAMPO
30,1,E,CAÑADA DE MORENO
30,2,E,ECUANDUREO
30,3,E,EL BRAGUERO Y SU ANEXO RANCHO DE VALENCIA
30,4,E,EL COLECIO
30,5,E,EMILIANO ZAPATA
30,6,E,LA ESTANCIA
30,7,E,QUIRINGUICHARO
30,8,E,LA SOLEDAD
30,9,E,LAS FUENTES
30,11,E,MARAVILLAS
30,13,E,POTRERO NUEVO
30,14,E,PUERTA DE VARGAS
30,15,E,RINCON GRANDE
30,16,E,SAN JOSE ARAMUTARO
30,17,E,UCACUARO
30,18,E,LAS MAJADAS
30,19,E,MORENOS
31,1,E,EL BELLOTAL Y LOMA DE ENMEDIO
31,2,E,CANINDO Y PEDREGAL
31,3,E,DOLORES
31,4,E,LA MARGARITA
31,5,E,LA PAZ
31,6,E,SAN MIGUEL LA RATA
31,7,E,MOLINOS DE CABALLERO
31,8,E,OJO DE AGUA
31,9,E,EL SALITRILLO
31,10,E,SAN ANTONIO MOLINOS
31,11,E,SANTA CRUZ OJO DE AGUA
31,12,E,TEJOCOTE SAN ISIDRO
31,14,E,PIEDRA LARGA
31,17,E,EL RODEO
32,1,E,ERONGARICUARO
32,2,E,LA ZARZAMORA
32,3,E,ZINCIRO
32,4,E,LAZARO CARDENAS
32,5,E,NAPITZARO
32,7,E,PUACUARO
32,8,E,URICHO
32,9,E,AROCUTIN
32,10,C,JARACUARO
32,11,E,SAN MIGUEL NOCUTZEPO
32,12,E,JANITZIO
32,13,C,SANTA MARIA NATIVIDAD AROCUTIN
32,14,H,COLONIA REVOLUCION
33,1,E,EL CAPIRE DE LOMBARDIA
33,2,E,SANTA CASILDA
33,3,E,CHARAPENDO
33,4,E,MIGUEL RINCON
33,5,E,EL HUACO
33,6,E,TEQUECARAN
33,7,E,VETANIA
34,1,E,EL AGOSTADERITO
34,2,E,CIENEGUITAS
34,3,E,SAN BARTOLO CUITAREO
34,4,E,LA GRANJA
34,5,E,EL MORALILLO
34,6,E,EL TREN
34,7,E,HUAJUMBARO
34,8,E,HUANIQUEO
34,9,E,LAZARO CARDENAS
34,10,E,AJOLOTES
34,11,E,MATA DE PINOS
34,12,E,PIEDRA PARADA
34,13,E,POTRERO DE LA VIRGEN
34,14,E,RINCON DE RUBIOS
34,16,E,SAN ISIDRO ALTA HUERTA
34,18,E,SAN MATIAS
34,19,E,SAN PEDRO JACUARO
34,20,CH,SAN LUCAS HUARIRAPEO
34,21,H,LA GRANJA FRACCION CHAPARRO
34,22,E,EL CHAPARRO
34,24,E,SAN LUCAS HUARIRAPEO
34,27,E,TEPEHUAJES Y LAMPASOS
34,28,E,PUERTO DE LA MULA
34,29,C,SAN BARTOLO CUITAREO
34,30,E,EL ASOLEADERO
34,31,C,SAN PEDRO JACUARO
34,32,E,TACARIO DE JUAREZ
34,33,CH,RINCON DE CEDEÑO
35,1,E,AGUA BLANCA
35,2,E,"EL ALGODON Y OROPEO Y SUS ANEXOS REPARO DE LUNA, PASO DE LEON Y LA PALMITA"
35,3,E,LAS ANONAS Y SUS ANEXOS LAS TINAJAS Y MONTE PRIETO
35,4,E,CAJA DE ZICUIRAN
35,6,E,EL CHAUZ
35,7,E,CONGURIPO
35,8,E,LOS COPALES
35,9,E,DAVID C. MANJARREZ
35,10,E,ARRONJADERO
35,11,E,EL CHILAR
35,12,E,EL ESTRADITO
35,13,E,"EL JAGUEY Y SUS ANEXOS, EL TEPETATE Y EL CALDERON"
35,14,E,EL SALITRILLO DEL LIMON DE JORULLO
35,15,E,"EL PALMAR Y SUS ANEXOS MESA DE VICENTELO, PUERTA DE VICENTELO, EL CUATRO Y EL TERRERO"
35,16,E,LIMON DE JORUYO
35,17,E,EL TERRERO
35,18,E,EL VALLECITO
35,19,E,ZAPOTE DE JORULLO
35,20,E,GUADALUPE OROPEO Y  SU ANEXO LAS CRUCITAS
35,21,E,"HUATZIRAN Y ANEXOS, LAS VACAS, LOS PLACERES, LA HU"
35,22,E,ICHAMIO Y SU ANEXO EL TIZATAL
35,23,E,JOYA DE ALVAREZ
35,24,E,LA HUACANA
35,25,E,LA JOYITA
35,26,E,MANGA DE CUIMBO
35,27,E,CUIMBO
35,28,E,MATA DE PLATANO
35,29,E,CAYACO
35,30,E,"LA PEDREGOSA Y SUS ANEXOS CHANGUNGAL, REMATE Y SANTA INES"
35,31,E,CARAMICUAS
35,32,E,LAS ESTANCIAS
35,33,E,LA ESTANCIA O BELLAS FUENTES Y SUS ANEXOS 16 DE SEPTIEMBRE DE 1810 Y LA ESPERANZA
35,34,E,LAS PATACUAS
35,35,E,LAS TAMACUAS
35,36,E,GENERAL LAZARO CARDENAS
35,37,E,LOS OLIVOS
35,38,E,LOS POCITOS
35,39,E,"MANGA DE CHAVEZ Y SUS ANEXOS, EL PALMARITO Y LA CRUCITA"
35,40,E,NARANJO DE JORUYO
35,41,E,NARANJO DE ZIRITZICUARO
35,42,E,NUEVO INGUARAN
35,43,E,OJO DE AGUA DE SAN IGNACIO Y SU ANEXO EL CERRITO
35,44,E,PEDRO PABLO
35,45,E,POTRERILLOS DE RENTERIA
35,46,E,PUEBLO VIEJO
35,47,E,SAN FRANCISCO DE LOS RANCHOS
35,48,E,SAN PEDRO JORULLO
35,49,E,SINAGUA
35,50,E,VILLAHERMOSA
35,51,E,ZICUIRAN
35,52,E,MILIAN
35,53,E,FINCA DE INGUARAN
35,54,E,CUPUAN CHICO
35,58,H,MONTE CALVARIO
35,60,E,SAN ISIDRO Y LOS ADOBES
35,62,E,COL FRANCISCO VILLA
35,63,E,PUERTA DE LA PLAYA
35,65,E,"LOS LIMONES Y SUS ANEXOS, EL CHUPADERO Y LOS BARILLOS"
35,68,E,EL CAPIRITO
35,69,E,EL CIRUELO
35,70,E,COLONIA LAZARO CARDENAS
35,71,E,ESFUERZO DEL CAMPESINO
35,72,E,LOS TERREROS Y ANEXOS
35,73,E,EL CANELO
35,74,H,EL PLATANITO
35,75,H,LA FLORIDA
35,76,CH,SINAGUA
36,1,E,HUANDACAREO
36,3,E,LA ESTANCIA
36,4,E,EL JARIPAL
36,5,E,SAN CRISTOBAL
36,6,E,TUPATARO
37,1,E,HUANIQUEO
37,2,E,LA MANZA
37,3,E,HUAPEO
37,5,E,LAS PIEDRAS
37,8,E,PUERTA DE JARIPITIRO
37,9,E,SANTA FE
37,10,E,PRESA DE SANTA FE
37,11,E,OJO DE AGUA DE MANZA
37,12,E,CUMA
37,13,E,SANTIAGO
37,14,E,PUENTE DE SAN ISIDRO
37,15,E,TENDEPARACUA
37,16,E,COEPERIO
37,17,E,JESUS MARIA
37,18,E,TECACHO
37,19,E,SAN PEDRO PURUATIRO
37,20,E,TACUPILLO
37,23,E,COLONIA VEINTE DE NOVIEMBRE
38,1,E,ARROYO GRANDE
38,2,E,ARROYO HONDO
38,3,E,ATZIMARO
38,5,E,BUENAVISTA Y ANEXOS
38,6,E,COMBURINDIO
38,7,E,EL ROSARIO
38,8,E,COENANDIO
38,9,C,CUTZEO
38,10,E,CUTZIO
38,11,E,EL CARMEN
38,12,E,EL CASCALOTE
38,13,E,EL ESPIRITU Y ANEXOS
38,14,E,EL GUSANO
38,15,E,EL POTRERO
38,16,E,HUATICHAPIO
38,17,E,SAN JUAN HUETAMO
38,18,C,HUETAMO
38,19,E,LA ESTANCIA
38,20,E,LOS CUACHALALATES
38,21,E,LOS HORNOS DEL PALMAR
38,22,E,MESA DE TOTOTLAN
38,23,E,PINZANANGAPIO
38,24,E,QUENCHENDIO
38,25,E,LA QUETZERIA
38,26,E,SAN ANTONIO URAPA
38,27,E,SAN IGNACIO
38,28,E,SAN JERONIMO
38,29,E,SANTA MARIA
38,30,E,SANTIAGO CONGURIPO
38,31,C,SANTIAGO CONGURIPO
38,32,E,SAN MIGUEL MONTECILLO
38,33,E,TIRINGUCHA
38,34,E,TURITZIO
38,35,E,USPIO
38,36,E,ZACANGUIRETE
38,37,E,ZIRITZICUARO
38,38,E,EL SAUZ
38,39,E,EL BASTAN
38,40,E,SANCHIQUEO
38,41,E,TECARIO
38,42,C,PURECHUCHO
38,43,E,PURECHUCHO
38,45,E,AGUA FRIA
38,46,E,LOS OTATES
38,47,E,ARUA
38,48,E,RINCON DE LAS TRUCHAS
38,50,E,OCUARO
38,51,E,AJUNUATO
38,54,E,SANTA TERESA
38,55,C,SAN JERONIMO
38,56,E,LOS HORNOS
38,57,E,HUETAMO
38,58,E,EL NARANJO
39,1,E,EL CARMEN
39,3,E,EL PEDREGAL
39,4,E,JESUS HUIRAMBA
39,5,E,TUPATARO
39,6,E,EL SOBRADO
40,1,H,ARANJUEZ
40,2,E,BENITO JUAREZ (CHAPITIRO)
40,3,E,CAÑADA DEL AGUA
40,4,E,QUIRIO
40,5,E,LAS HUERTAS
40,6,E,INDAPARAPEO
40,8,E,PLAN DE LAS PALMAS
40,9,E,PUEBLO NUEVO
40,10,H,EL ROSARIO
40,11,E,SAN LUCAS PIO
40,12,E,LA TEPACUA
40,13,E,EL ZAPOTE
41,1,E,IRIMBO
41,2,E,LOS MARZOS
41,3,E,EPUNGIO
41,4,E,SAN LORENZO QUERENDARO
41,5,E,TZINTZINGAREO
41,6,E,SAN JOSE MAGALLANES
42,1,E,CAMUCUATO
42,2,E,EL COLONGO
42,3,E,EL LIMON
42,4,E,EL SALITRE
42,5,E,IXTLAN
42,6,E,LA ESTANZUELA
42,7,E,LA PLAZA
42,8,E,LAS CUEVAS
42,9,E,RANCHO NUEVO
42,10,E,RINCON DEL MEZQUITE
42,11,E,SAN CRISTOBAL
42,12,E,SAN SIMON
42,13,E,EL VALENCIANO
43,1,E,ESTANCIA IGARTEÑA
43,2,E,LA VILLA DE JACONA
43,3,E,EL PLATANAL
43,4,E,SAN JOSE DEL PLATANAL
44,1,E,VILLA JIMENEZ
44,2,E,COLONIA LAZARO CARDENAS
44,3,E,CAURIO DE GUADALUPE
44,4,E,CAURIO DE LA RINCONADA
44,5,E,ZIPIMEO
44,6,E,COPANDARO
44,7,E,LA SOLEDAD
44,8,E,CERRITO LARGO
44,9,E,EL CUATRO
44,11,E,LOS ESPINOS
44,12,E,EL ZAPOTE
44,13,E,LA ESTANCIA
44,14,E,CHAPITIRO
44,15,E,LAS COLONIAS
44,16,E,HUANDACUCA AMECUARO
44,17,E,CERRO DEL TULE
44,18,E,LA LUZ
44,19,E,TUMBIO
44,20,E,EL DESMONTE
44,21,E,LA VIGA
45,1,E,CERRITO PELON
45,2,E,LOS CORRALES
45,3,E,EL FRESNO
45,4,E,JIQUILPAN
45,5,E,LA COFRADIA
45,6,E,LA LAGUNITA
45,7,E,LOS LAURELES
45,8,E,LOS REMEDIOS
45,9,E,SAN MARTIN TOTOLAN
45,10,E,PAREDONES
45,11,E,LOS TABANOS
45,12,CH,EL ASTILLERO
46,1,E,LAURELES DE ZARAGOZA
46,2,E,OROCUTIN
46,3,E,CERRO COLORADO
46,4,E,BUENAVISTA
46,5,E,IRAPEO DE MADERO
46,6,E,GUANORO
46,7,E,ZICATA
46,10,C,ENANDIO
46,11,E,PUERTO DE TIMBUSCATIO
47,1,E,AGUA SALADA
47,2,E,EL BARRO
47,3,E,COLMENA Y PARRITAS
47,4,E,LA FLORIDA Y SU ANEXO EL CARRIZAL
47,5,E,HUANGUITIO
47,6,E,JUNGAPEO
47,7,E,LAZARO CARDENAS O SAN JOSE PURUA
47,8,E,LA MORA Y SUS ANEXOS EL ESPINAL Y LA MAROMA
47,9,E,OJO SECO
47,10,E,EL PASO
47,11,E,PIEDRAS DE LUMBRE
47,13,E,LOS SAUCES
47,14,E,LA SOLEDAD
47,15,E,LA TINAJA
47,16,E,LA VEGA
47,17,E,20 DE NOVIEMBRE
47,18,E,PUERTO BLANCO
47,19,H,EL PALMAR
48,1,E,FONTEZUELAS
48,2,E,HUATZANGUIO
48,3,E,LA CAJA
48,4,E,LAGUNILLAS
48,5,E,LAS PILAS
49,1,E,ACATEN
49,2,C,SAN FRANCISCO ETUCUARO
49,3,E,SAN DIEGO CURUCUPACEO
49,4,E,ETUCUARO
49,5,E,LA CONCEPCION
49,6,E,MESA DE LOS CARDOS
49,8,E,SAN PEDRO PIEDRAS GORDAS
49,9,E,PORUAS
49,10,E,SANTAS MARIAS
49,11,E,LAS SIDRAS
49,12,E,TURIO
49,13,E,VILLA MADERO
49,14,E,PARRITAS
49,15,E,PUEBLO VIEJO O PARRITAS
49,16,H,COYOL GRANDE
50,1,C,SANTIAGO PURIATZICUARO
50,2,E,APEO
50,4,E,LOS OCOTES
50,5,E,COLONIA MARAVATIO
50,6,E,YURECUARO
50,7,E,GUARACHA
50,8,E,EL JAGUEY
50,9,E,CLISERIO VILLAFUERTE
50,10,E,VILLAFUERTE
50,12,E,POMAS
50,13,E,JESUS DEL MONTE
50,14,E,SAN VICENTE
50,15,E,ESTANCIA DE SAN MIGUEL
50,16,E,CASA BLANCA
50,17,E,EL PEDREGAL
50,18,E,POMOCA
50,19,E,SAN NICOLASITO
50,20,E,SANTA ELENA
50,21,E,ESTANCIA DE SANTA ELENA
50,22,E,EL CHIRIMOYO
50,23,E,SAN PEDRO TUNGAREO
50,25,E,POZO DE TRES PIEDRAS
50,27,E,SAN MIGUEL EL ALTO
50,28,E,SAN MIGUEL CURAHUANGO
50,30,E,SAN MIGUEL CURINHUATO
50,31,C,URIPITIO
50,32,E,EL GIGANTE
50,34,E,TACARIO JESUS DEL MONTE
50,36,E,GUAPAMACATARO Y ANEXOS
50,38,E,LA ESTANCIA
50,39,E,VILLA DE MARAVATIO
50,41,C,SAN MIGUEL CURINHUATO
50,42,E,TEJOCOTE POLVILLAS
50,43,E,TALAYOTES
50,44,H,ESTANCIA DE PAQUISIHUATO
50,45,CH,SAN MIGUEL EL ALTO
51,1,E,AUCHEN Y ANEXOS
51,2,E,EL IZOTE
51,3,E,PASO REAL
51,4,E,EL SABINO
51,5,E,LA BREÑA
51,6,E,OJO DE RANA
51,7,E,SAN MIGUEL
51,8,E,LA ARENA
51,9,H,ESTANCIA DE AUCHEN
51,10,H,OJO DE AGUA DE PICACHO
51,11,H,CERRITO LA PEÑA
52,1,E,ACALPICA
52,2,E,LOS AMATES
52,3,E,EL BORDONAL
52,5,E,CHUCUTITAN
52,6,E,CHUTA
52,7,E,LOS COYOTES
52,8,E,N.C.P.A. LA FLORIDA
52,9,E,LAS GUACAMAYAS
52,10,E,SAN JUAN BOSCO
52,11,E,EL LIMONCITO
52,12,E,LA MANZANILLA
52,13,E,MELCHOR OCAMPO ANTES EL LLANITO
52,14,E,LA MIRA
52,16,E,LA PAROTILLA
52,17,E,PLAYA PRIETA
52,18,E,SAN RAFAEL Y ANEXOS
52,19,E,EL REYNO Y SU ANEXO EL MANGUITO
52,21,E,NEXPA
52,22,E,LA SALADITA
52,23,E,GORDIANO GUZMAN
52,24,E,BUENAVISTA Y EL GUAYABO
52,25,E,LUCRECIA TORIZ
53,1,E,LA ALBERCA
53,2,E,SAN ANTONIO CARUPO
53,3,E,SAN ANTONIO PARANGARE
53,4,E,ARACURIO
53,5,E,ASIENTO DE PIEDRA
53,7,E,ATECUARO
53,8,E,CAPULA
53,9,E,SAN CARLOS COAPA
53,10,E,COLONIA CHICACUARO
53,11,E,CHIGUERIO
53,12,E,CHIQUIMITIO
53,13,H,COAPA
53,14,E,COINTZIO
53,15,E,CORO GRANDE
53,16,E,COTZURIO
53,17,E,LA CUADRILLA
53,18,E,CUANAJILLO
53,19,E,LOS EJIDOS
53,20,E,EMILIANO ZAPATA
53,21,E,LA ESTANCIA
53,22,E,FRANCISCO J. MUJICA
53,23,E,LAS FLORES
53,24,H,HERMENEGILDO GALEANA
53,25,E,ICHAQUEO
53,27,E,SAN ISIDRO ITZICUARO
53,28,E,JESUS DEL MONTE
53,29,H,SAN JOSE COAPA
53,30,E,SAN JOSE DE LAS TORRES
53,31,E,SAN JOSE DEL CERRITO
53,32,E,JOYA DE BUENAVISTA
53,33,E,JOYA DE LA HUERTA
53,34,E,SAN JUANITO ITZICUARO
53,35,E,LA ALDEA
53,36,E,NUEVA FLORIDA
53,37,E,SAN MIGUEL DEL MONTE
53,38,E,SAN LORENZO
53,39,E,MAIZA PUERTA DE LAS JARAS
53,40,E,SANTA MARIA DE GUIDO
53,41,E,SAN MIGUEL COAPA
53,42,E,SAN NICOLAS OBISPO
53,43,E,NIEVES
53,45,E,SAN PEDRO CHICACUARO
53,46,E,EL PORVENIR
53,49,E,LA QUEMADA
53,50,E,QUINCEO
53,52,H,SAN RAFAEL COAPA
53,53,E,EL REPARO
53,54,E,EL RINCON
53,55,E,SANTA ROSALIA
53,56,E,SAN ANTONIO COAPA
53,57,E,SANTIAGO UNDAMEO
53,58,E,SANTIAGUITO
53,59,E,SIMPANIO
53,60,E,SINDURIO
53,61,E,LA SOLEDAD
53,62,E,TACICUARO
53,63,E,TAREHUICHO
53,64,E,TENENCIA MORELOS - LA BORUCA
53,65,E,TEREMENDO
53,66,E,TEREMENDO JASO
53,67,E,TIRIO
53,68,E,TIRIPETIO
53,70,E,LAS TROJES
53,71,E,TUMBISCA
53,72,E,TZINTZIMACATO CHICO
53,73,E,TZINTZIMACATO GRANDE O ARACEO
53,74,E,LA YERBABUENA
53,75,E,ZAJO CHICO
53,76,E,ZAJO GRANDE
53,78,E,ISAAC ARRIAGA
53,79,E,QUINCEO
53,82,E,IRATZIO
53,83,E,ISAAC ARRIAGA NORIEGA
53,84,E,TIRISTARAN
53,85,H,ZURUMBENEO
53,86,E,POTRERILLOS
53,87,E,TRES PUENTES
53,90,E,CORO CHICO
53,91,E,SAN JOSE
53,92,E,LAS CANOAS
53,93,E,EL TORREON
53,94,E,TORRECILLAS
53,95,E,ATAPANEO
53,96,E,COLONIA CONSUELO ALFARO DE VAZQUEZ Y SALITRILLO
53,97,E,EL ASOLEADERO
53,98,E,EL DURAZNO
53,99,E,EL LAGO
53,100,E,QUIROGA
54,1,E,SAN ANGEL
54,4,E,EL GRANJENO
54,6,E,PUERTA DEL DESMONTE
54,7,E,CAÑADA DE TUMBASTATIRO
54,8,E,ZIRACUARENDIRO
55,1,E,"NUEVA ITALIA Y NUCLEOS ANEXOS, EL LETRERO, GAMBARA"
55,2,E,EL CAPIRE DE NUEVA ITALIA
55,3,E,EL LETRERO
55,4,E,EL CEÑIDOR
55,5,E,GAMBARA
56,1,CH,NAHUATZEN
56,2,CH,ARANTEPECUA
56,3,CH,COMACHUEN
56,5,E,LA MOJONERA
56,7,E,SAN ISIDRO
56,8,C,SEVINA
56,9,C,TURICUARO
57,1,E,AGUA SANTA
57,3,E,SANTA BARBARA
57,4,E,ESTANCIA GRANDE
57,5,E,HACIENDA DE GUADALUPE
57,6,E,LA MANGA
57,7,E,NOCUPETARO
57,8,E,LAS PAROTAS
57,9,E,POTRERILLOS
57,10,E,EL PLATANAR
57,12,H,OJO DE AGUA DE CUISPIO
57,13,E,SAN ANTONIO DE LAS HUERTAS
57,14,C,NOCUPETARO
57,15,E,TUMBIRICHE
58,1,E,ARANDIN
58,3,E,SAN JUAN NUEVO PARANGARICUTIRO
58,4,E,ZACANDARO
58,5,C,NUEVO SAN JUAN PARANGARICUTIRO
58,6,H,LA QUINTA
59,1,E,IBERICA
59,2,E,"TEPENAHUA Y SUS ANEXOS GUAYABO, PAROTILLAS, CHUPADEROS, OTATES Y EL CALVARIO"
59,3,E,SAN VICENTE
59,6,E,EL AGUACATE Y ANEXOS
59,7,E,NUEVO URECHO
59,8,E,LAS RIVERAS
59,11,E,"SANTA EFIGENIA Y SUS ANEXOS EL PALMITO, LOS AMOLES, EL SANCUDO, EL PINAL"
59,12,E,RANCHO EL REPARO
59,13,E,"APARICUARO Y SUS ANEXOS OJO ZARCO, SAN CAYETANO, EL ESCORPION, LA CUADRILLA"
59,14,E,TIPITARO
59,15,H,EL CAYETANO
60,1,E,CAÑADA DE RAMIREZ
60,2,E,EL PALMITO
60,3,E,EL TRIUNFO
60,4,E,JARIPITIRO
60,5,E,LA TEPUZA
60,6,E,NUMARAN
60,7,E,PUEBLO NUEVO
60,8,E,LA UNION
60,9,E,JAPACURIO
61,2,E,LAGUNA VERDE
61,4,E,OCAMPO
61,6,E,EL ROSARIO
61,7,E,EL PASO O SAN CRISTOBAL
61,8,E,EL ASOLEADERO
61,9,E,EMILIANO ZAPATA
61,10,E,LAS TROJES
61,11,C,SAN CRISTOBAL
61,12,E,CERRO PRIETO
62,2,E,FRAY DOMINGUEZ
62,3,E,LA HIGUERA
62,4,E,LA LUZ
62,5,E,PAJACUARAN
62,6,E,PARACHO Y ANEXOS
62,7,E,PERIBAN
62,8,E,LOS QUIOTES
62,9,E,SAN GREGORIO
62,10,E,TECOMATAN
62,19,E,EL COMETA
63,1,E,AGUANUATO
63,2,E,BELLAVISTA
63,3,E,BOTELLO
63,4,E,CURIMEO
63,5,E,FRESNO DE LA REFORMA
63,6,E,HACIENDA DE CURIMEO
63,7,E,JOSE TRINIDAD REGALADO
63,8,E,LA CORDOBA
63,10,E,LOS ALVARADOS
63,11,E,OJO DE AGUA DE SEÑORA
63,12,E,PANINDICUARO
63,13,E,POMACUARO
63,14,E,LOS RANCHOS DE EPEJAN
63,16,E,SAN DIEGO AMECUARO
63,17,C,SAN MIGUEL EPEJAN
63,18,E,SAN VICENTE
63,19,E,TANGUATO
63,21,E,SAN MIGUEL EPEJAN
64,1,E,LAS ORDEÑITAS
64,2,E,PUERTA CHICA
64,3,E,LA ESTANCIA
64,4,E,LOS BANCOS
64,5,E,PARACUARO
64,6,E,LA BATEA
64,7,E,ESPAÑITA Y SU ANEXO GILDARDO MAGAÑA
64,8,E,LA TUNA
64,9,E,EL VALLE
64,10,E,BUENOS AIRES
64,11,E,EL TICUICHE
64,12,E,SANTA RITA
64,13,E,EL JUNCO
64,14,E,CIUDAD MORELOS
64,15,E,USPERO
64,16,E,CANCITA Y SU ANEXO EL OREJANO
64,17,E,CRUCERO DE PARACUARO
64,18,E,LLANOS DE ANTUNEZ
64,19,E,EL CAHULOTE
64,20,E,CHONENGO
64,21,E,CRUCERO DE LAS YEGUAS
64,22,E,LOS POZOS
65,2,C,ARANZA
65,4,C,CHERANATZICURIN
65,5,CH,NURIO
65,6,C,PARACHO
65,7,C,SAN MIGUEL POMACUARAN
65,8,CH,QUINCEO
65,9,C,URAPICHO
65,10,CH,AHUIRAN
66,1,C,ISLA JANITZIO
66,2,C,COMUNIDAD TECUEN
66,3,C,ISLA DE YUNUEN
66,4,E,SAN PEDRO PAREO
66,5,E,HUECORIO
66,6,E,COLONIA IBARRA
66,7,C,BARRIO SAN FRANCISCO
66,8,E,COLONIA SAN LAZARO
66,9,E,COLONIA REVOLUCION
66,10,E,PATZCUARO
66,11,E,ZENZENGUARO
66,12,E,SANTA ANA CHAPITIRO
66,13,E,SAN BARTOLO PAREO
66,14,E,LAS TROJES
66,15,E,ZURUMUTARO
66,16,E,PUERTA DE CADENA
66,17,E,LA TINAJA
66,18,E,CRUCERO DE CHAPULTEPEC
66,19,E,CHAPULTEPEC
66,20,E,SAN JUAN TUMBIO
66,21,E,SANTA ISABEL O ESTACION DE AJUNO
66,23,E,SAN MIGUEL CHARAHUEN
66,24,E,HUIRAMANGARO
66,26,E,CONDEMBARO
66,27,E,LAS PALMAS
66,28,E,SANTA JUANA
66,29,C,CUANAJO
66,30,E,CHARAHUEN
66,31,E,AJUNO
66,32,C,AJUNO
66,33,CH,SANTA MARIA HUIRAMANGARO
66,34,E,SANTA JUANA SEGUNDO
67,1,E,LA LUZ
67,2,E,ANSIHUACUARO
67,3,E,EL CHUPADERO
67,4,E,EL CUCUNO
67,5,E,EL GUAYABO
67,6,E,EL MEZQUITE DE HERNANDEZ
67,8,E,LA CUESTITA
67,9,E,LOS FRESNOS
67,10,E,PATAMBARILLO
67,11,E,PATAMBARO
67,12,E,LA VILLA DE PENJAMILLO
67,14,E,SAN ANTONIO CARUPO
67,15,E,SAN JOSE DE RABAGO
67,16,E,SANTA FE DEL RIO
67,17,E,TIRIMICUARO
67,18,E,VADO BLANCO
67,19,E,ZERECUATO
67,20,E,ZIQUITARO
67,21,E,EL TECUAN
67,22,E,SAN NICOLAS
67,23,E,SAN ISIDRO
67,24,E,EL COLORADO
67,26,E,LA PEÑA
68,1,E,SAN FRANCISCO PERIBAN
68,2,E,COPETIRO
68,3,E,CORONA
68,5,E,GILDARDO MAGAÑA
68,6,E,LA MAJADA
68,7,E,PLAN DE AYALA
68,8,E,EL CARRIZALILLO
68,11,C,SAN FRANCISCO PERIBAN
69,1,E,TANQUE DE PEÑA
69,2,E,CUJUARATO
69,3,E,EL ALGODONAL
69,4,E,EL JAGUEY
69,5,E,EL ZAPOTE
69,6,E,GUANAJUATILLO
69,7,E,LA CAMPANA
69,8,E,LA HIGUERA
69,9,E,LA PROVIDENCIA
69,10,E,LA TORCAZA
69,11,E,LOS AYALA
69,12,E,LOS GUAJES
69,13,E,LOS MELGOZA
69,14,E,LOS MORENO
69,15,E,PAREDONES
69,16,E,EL PANDILLO
69,17,E,POTRERILLOS
69,18,E,SAN JUAN DEL FUERTE
69,19,E,TAQUISCUAREO
69,21,E,OJO DE AGUA DE SERRATO
69,22,CH,TICUITACO
69,25,E,JAUJA
69,26,E,ACUITZIO
69,27,E,LA PIEDAD DE CABADAS
70,1,E,PUREPERO
70,2,C,PUREPERO
70,3,CH,VILLA DE MENDOZA
71,1,E,SAN ANTONIO CARANO
71,2,E,EL ARMADILLO
71,3,E,LA BARRANCA
71,4,C,BATUECAS
71,5,E,CASAS VIEJAS
71,6,E,LA COFRADIA
71,7,E,SANTA CLARA
71,8,E,CHAMACUERO
71,9,E,LA EXCUSA
71,10,E,GALEANA
71,11,E,EL GRANJENAL
71,12,E,HUATAJO
71,13,E,SAN JOSE OCTUNGUITIRO
71,14,E,JANAMBO
71,15,E,JANAMUATO
71,16,E,LAS LETRAS
71,17,E,SAN LORENZO
71,18,E,MANUEL VILLALONGIN
71,19,E,SAN MIGUEL
71,20,E,SAN NICOLAS
71,21,E,NUEVO UREN
71,22,E,SAN PEDRO
71,23,E,EL PILAR
71,24,E,PURUANDIRO
71,25,E,EL PUEBLITO
71,26,E,LA QUEMADA
71,27,E,LAS RANAS
71,28,E,EL REPARO
71,29,E,LOS REYES
71,30,E,EL SABINO BUENA VISTA
71,31,E,LAS SANGUIJUELAS
71,32,E,LA SOLEDAD
71,33,E,SOLEDAD DE SANTA ANA
71,34,E,LAS TORTUGAS
71,35,E,ISAAC ARRIAGA
71,36,E,URURUTA
71,37,E,VILLACHUATO
71,38,C,GALEANA
71,39,E,UREQUIO
71,41,E,ROVALCABO
72,1,E,EL CASTILLO
72,2,E,LAS CUEVAS
72,3,E,LA ESTANCIA
72,5,E,PUEBLO VIEJO
72,6,E,QUERENDARO
72,7,E,RINCON DE ZETINA
72,9,E,TIRADORES
72,10,E,JAUJA
72,12,E,NUEVA VICTORIA
72,13,E,OTZUMATLAN O RIO DE PARRAS
72,14,CH,JAUJA
73,1,C,SAN JERONIMO PURENCHECUARO
73,2,C,SANTA FE DE LA LAGUNA
73,3,CH,SAN ANDRES ZIRANDARO
73,4,C,BARRIO DEL CALVARIO
74,1,E,BARRANCA DEL ZOROMUTAL
74,2,E,EL CALLEJON DE LA CALERA
74,3,E,COJUMATLAN DE REGULES
74,4,E,HACIENDA VERDE
74,5,E,PALO ALTO
74,6,E,LA PUERTA DE COJUMATLAN
74,7,E,PUERTO DE LEON
74,8,E,RINCON DE MARIA
74,9,E,CERRITO DE ENMEDIO
74,10,E,LA ROSA
75,1,E,ATAPAN
75,2,C,ATAPAN
75,3,E,LOS LIMONES
75,4,E,LOS PALILLOS
75,5,CH,PAMATACUARO
75,6,E,LOS REYES
75,7,E,SAN SEBASTIAN
75,8,E,SAN JOSE DE GRACIA
75,9,E,SAN JUAN DE DIOS
75,10,E,ZACAN
75,11,C,ZACAN
75,12,CH,ZICUICHO
75,13,E,SAN GABRIEL
75,14,E,LOS CERRITOS
75,15,E,LOS COPALES
75,16,E,EL HALCON
75,17,E,SAN RAFAEL
75,18,E,EL VELADERO
76,1,E,LAS GALLINAS
76,2,E,EL GUIRIO
76,3,E,LA PUNTITA
76,4,E,SAHUAYO
76,5,E,LA YERBABUENA
77,1,E,EL TERRERO
77,2,E,EL HUARICHE
77,3,E,CUADRILLA DE CUAJILOTE
77,4,E,URERIO
77,5,E,CHARA CHARANDO
77,6,E,QUERUTZEO
77,7,E,CHUMBITARO
77,8,E,PINZAN COLORADO
77,9,E,MONTE GRANDE
77,10,E,CORUPO
77,11,E,SAN PEDRITO
77,12,E,EL TERRERO PRIETO
77,13,E,SAN PEDRO
77,14,E,EL TAMARINDO
77,15,E,TACUPA
77,16,E,SANTA CRUZ DE VILLAGOMEZ
77,18,E,SAN NICOLAS
77,19,E,SAN LUCAS
77,20,E,ANGAO
77,21,E,CUADRILLA DE LAS PAREDES
77,22,E,CEIBA SECA
77,23,E,EL MACHUQUE
77,25,E,LA LAJITA
77,26,E,LOS LIMONES
77,27,E,LA ESTANCIA
77,28,E,LOS BANCOS
77,29,H,AUSENCIO CHAVEZ HERNANDEZ
78,1,E,HUACAO
78,2,E,LA LOBERA
78,3,E,MESA RICA
78,4,E,PIEDRAS ANCHAS
78,5,E,PUERTO DE LAS CABRAS
78,6,E,SANTA ANA MAYA
78,7,E,SAN NICOLAS CURITZEO
78,8,E,SAN RAFAEL DEL CARRIZAL
79,1,E,EL BEJUCO
79,2,E,CAMEMBARO
79,3,E,CASAS BLANCAS
79,4,E,CHAPA
79,5,E,CUITZITAN
79,6,E,CUANAJILLO
79,7,E,CUANGATZIO
79,8,E,CUNGO
79,9,E,LA ESMERALDA
79,10,E,FELIPE TZINTZUN
79,11,E,SAN GREGORIO
79,12,E,HUANIQUEO
79,13,E,IRICUARO
79,14,E,ISTARO
79,15,E,IRAMUCO
79,16,E,PALMA DE SANDOVAL
79,17,E,OPOPEO
79,18,E,PARAMUEN
79,19,E,PASO DEL MUERTO
79,20,E,PLUTARCO ELIAS CALLES
79,21,E,LA QUERENDA Y TZITZAMBA
79,22,E,SANTA RITA
79,23,E,SANTA ROSA
79,24,E,EL TEPETATE
79,25,E,TARASCON
79,27,E,TURIAN
79,28,E,SANTA CLARA DE PORTUGAL
79,29,E,ZIRAHUEN
79,30,E,LA ARGENTINA
79,31,E,AGUA VERDE
79,33,C,VILLA ESCALANTE
79,34,C,ZIRAHUEN
79,35,E,LAS ESCOBILLAS
79,36,E,TURIRAN
79,37,E,EL QUERENDAL
79,38,E,LAS CHARANDAS
79,39,C,SANTA MARIA OPOPEO
79,41,E,GRAL. JOSE ANTONIO TORRES
80,1,H,DE LOS SAUCES
80,2,E,SOTO
80,4,E,EL CALABOZO
80,5,E,EMILIANO ZAPATA
80,6,E,CHINCUA
80,7,E,JOSE MARIA MORELOS
80,8,E,HUERTA
80,9,E,MANZANA DE CARINDAPAZ
80,10,E,ROSA AZUL
80,12,E,SENGUIO
80,13,E,TARIMORO
80,14,E,TUPATARO
80,18,C,TUPATARO
80,19,E,SAN JOSE DE LOS CORRALES
81,2,E,GUAYABO CHICO
81,3,E,EL NARANJO
81,4,E,LA PLUMA
81,6,E,SUSUPUATO
81,7,E,MESA RICA
81,8,E,EL TREMESINO
81,9,E,EL RODEO O RANCHO VIEJO Y SU ANEXO EL SALTO
81,10,E,SANTIAGO COPANDARO
81,11,E,NUEVO POBLADO DE LA LOMA
81,12,E,LANDEROS
81,14,E,EL SALITRE
81,15,C,SANTIAGO COPANDARO
82,1,E,AGUA TIBIA
82,2,E,CHIPICUARO
82,3,H,DOMINGUEZ Y MORENO
82,4,E,J. JESUS ALCARAZ
82,5,E,LAS JOYAS
82,6,E,LA GUARDIA
82,7,E,LAS LATAS
82,8,E,LA LOMA
82,9,E,"PEDERNALES Y SUS ANEXOS PETAMBO, EL CONEJO, LA TIN"
82,10,E,EL PEDREGOSO
82,11,E,PUEBLO VIEJO TECARIO
82,12,E,PUENTE DE TIERRA
82,13,E,QUITERIO
82,14,E,SAN AGUSTIN
82,15,E,SAN JERONIMO ARROYO DE APO
82,16,E,SAN JOSE DE LOS LAURELES
82,18,E,TECARIO
82,19,C,TACAMBARO
82,20,E,CHUPIO Y SU ANEXO OJO DE AGUA DE CHUPIO
82,21,E,CRUZ GORDA DE MORELOS
82,22,H,SANTAS MARIAS
83,1,E,CHORITIRO
83,2,E,APUNDARO
83,3,E,TANCITARO
83,4,E,APO
83,5,E,ZIRIMONDIRO
83,6,E,AGUACATE DEL PONIENTE
83,7,C,PAREO
83,8,E,CONDEMBARO
83,9,E,LA TINAJA
83,11,E,EL TIZATE
83,14,E,LAS OLLAS
84,1,E,LA CANTERA Y SU ANEXO LOS LOBOS
84,2,E,EL CEREZO
84,3,E,JERUSALEN
84,4,E,EL NOPALITO
84,5,E,LA PRESA
84,6,E,QUERENGUARO
84,7,H,LOS HUCUARES
84,8,C,TARECUATO
84,9,E,CHURINTZIO
84,10,H,EL SAUCILLO
84,11,E,SAUZ DE GUZMAN
85,1,E,SAN ANTONIO OCAMPO
85,2,E,BUENAVISTA
85,3,E,CANINDO
85,4,E,PARAMO
85,5,E,VALLE DE GUADALUPE
85,6,E,ETUCUARO
85,7,C,ETUCUARO
85,8,E,GOMEZ FARIAS
85,9,C,SAN JOSE DE GRACIA
85,10,E,SAN JOSE DE GRACIA
85,11,E,LOMAS DE NOROTO
85,12,H,NUEVO REFUGIO
85,13,C,PATAMBAN
85,14,E,RINCON DEL TEPETATE
85,16,E,LA VILLA DE TANGANCICUARO
85,17,E,LOS LOBOS
85,18,E,TIERRAS BLANCAS
85,19,C,VALLE DE GUADALUPE
85,21,E,TENHUECHO Y ARANZA Y SU ANEXO LOS LOBOS
85,22,E,TENHUECHO SEGUNDO
86,1,E,CIENEGUITAS
86,2,E,EL CALVARIO
86,3,E,LA COLMENA
86,4,E,LA PRESA
86,5,E,LOS CHARCOS
86,6,E,MEZQUITE GRANDE
86,7,E,RANCHO NUEVO
86,8,E,SAN JOSE DE VARGAS
86,9,E,TANHUATO
86,10,E,TARIMORO
86,11,E,TINAJA DE VARGAS
86,12,E,VILLANUEVA
87,1,E,LA PURISIMA
87,2,E,RANCHO SECO
87,3,E,EL TERRENATE
87,4,E,TOMENDAN
87,5,E,EL GUAYABO
87,6,E,TAHUEJO
87,7,E,TARETAN
87,8,E,EX-HACIENDA DE TARETAN
87,9,E,EL COBANO
87,10,E,COL. EMILIANO ZAPATA
87,11,E,HOYO DEL AIRE
87,12,E,SAN JOAQUIN
87,14,E,MESA DE CAZARES
87,16,E,LA CRUZ
88,1,E,ARINDEO Y JAMAICA
88,3,E,CAÑADA DE LA MAGDALENA
88,4,E,CAÑADA DE LOS SAUCES
88,5,E,CAÑADA DEL HERRERO
88,8,E,COTZIO
88,9,E,CUTZILLO CHICO
88,10,E,CUITZILLO GRANDE
88,12,E,CUTO DEL PORVENIR
88,13,E,EL CALABOZO
88,14,E,EL COLEGIO
88,15,E,EL LOMETON
88,17,E,GUADALUPE RANCHO NUEVO
88,19,E,LA NORIA
88,20,E,LAS PALMAS
88,21,E,MESON NUEVO
88,22,E,PEÑA DEL PANAL
88,23,E,PLAN DE AYALA
88,24,E,SANTA ANA
88,25,E,SANTA CRUZ
88,26,E,SAN MIGUEL TARIMBARO
88,27,E,SAN PEDRO DE LOS SAUCES
88,28,E,TEJARO
88,29,E,TEJARO DE LOS MARTINEZ
88,31,E,URUETARO
88,38,E,EL CARRIZAL
88,39,E,ARUMBARO
88,40,H,CERRO DE LAS TUNAS
89,1,E,ALFREDO V. BONFIL
89,2,E,LOS ANONILLOS
89,3,E,LOS AVILLOS Y ANEXOS
89,4,E,EL CAIMAN O LA ESTANZUELA
89,5,E,CALDERITAS
89,6,E,"LAS CANOITAS Y SUS ANEXOS EL CHARCO, PINOLAPA Y OBREGON"
89,7,E,EL CANTON Y ANEXOS
89,8,E,"LA CIENAGA Y SUS ANEXOS EL MANGUITO, POTRERILLOS, LA LAJA Y TEPALCUATITA"
89,9,E,CATARINO TORRES
89,10,E,EL COLOMITO Y ANEXOS
89,11,E,COLOMOTITAN Y CHAPOTITA
89,12,E,EL COLOMO Y SUS ANEXOS LA HIGUERA Y OJO DE AGUA
89,13,E,LA GUADALUPE Y ANEXO
89,14,H,NUEVO CORONGOROS
89,15,E,SAN ISIDRO TICUILUCAN
89,16,E,"LA LIMONERA Y SUS ANEXOS LAS PAROTAS, EL PUERTO DE LA FRAGUA, MESAS DE TERRENATE, LA CAÑITA, LAS TRU"
89,17,E,PALO COLORADO Y ANEXOS
89,18,E,"PANCHA LOPEZ Y SUS ANEXOS, LA HUERTA, LA ORDEÑITA"
89,19,E,"LAS PEÑAS Y SUS ANEXOS, EL NARANJO Y EL BEJUCO"
89,20,E,PLAZA VIEJA
89,21,E,LOS POCHOTES
89,22,E,PUNTA DEL AGUA
89,23,E,LA RAYA Y LOS LIMONES
89,25,E,LA ROMERA
89,26,E,TAISTAN Y ANEXOS
89,27,E,TAMPILOYA Y SU ANEXO LLORA SANGRE
89,28,E,LA TASAJERA
89,29,E,TEPALCUATITA
89,30,E,TIERRAS BLANCAS
89,31,E,EL TULE
89,32,H,SAN JUAN CHILATAN
89,33,E,ZOQUITITA Y ANEXOS
89,34,E,EL ZURUMAL
89,38,E,RAMON PONCE ALVAREZ
89,39,E,PUNTA DE AGUA DOS
90,1,E,LA ESCONDIDA
90,2,C,SAN FRANCISCO PICHATARO
90,3,E,TINGAMBATO
90,4,CH,SANTIAGO TINGAMBATO
91,1,E,GUASCARO Y SU ANEXO GUASCARO BAJO
91,3,E,AQUILES SERDAN-SAN ANGEL
91,4,C,SAN MIGUEL TINGUINDIN
91,5,C,SAN PEDRO TINGUINDIN
91,6,C,TACATZCUARO
91,7,E,EL TECOLOTE
91,8,E,PUENTE DE SAN JUANICO
91,10,E,EL LITIGIO
91,11,C,BARRIO DE LA PURISIMA
91,13,E,TACATZCUARO
92,2,E,LOS ALBARRAN
92,3,H,LAS MESTEÑAS
92,4,E,ZAPOTE CHICO
92,5,E,LA COLONIA
92,6,E,TIQUICHEO
92,7,E,GUAYABO ZANCON
92,8,E,EL CARRIZO
92,9,E,CEIBAS DE TRUJILLO
92,10,E,HUAHUASCO
92,12,E,COPANDARO
92,13,E,PASO DEL TEPEHUAJE
92,14,E,EL GUAJOLOTE
92,15,E,CEIBAS BLANCAS
92,16,E,PURUNGUEO
92,17,E,TZENTZENGUARO
92,18,E,EL LIMON DE PAPATZINDAN
92,19,E,EL CANARIO Y SU ANEXO CURANGUEO
92,20,E,SAN CARLOS
92,22,E,EL MORO GRANDE
93,1,E,SAN FRANCISCO DE LOS REYES
93,2,E,SAN JOAQUIN MORELOS
93,3,E,SAN JOSE DE GUADALUPE
93,5,E,SAN LORENZO
93,6,E,SANTA MARIA
93,7,E,PUERTO DE BERMEO
93,8,E,LOS REMEDIOS
93,9,E,EMILIANO ZAPATA
93,10,E,SAN PEDRO TARIMBARO
93,11,E,SAN MIGUEL TLACOTEPEC
93,12,E,TLAPUJAHUA
94,1,E,TLAZAZALCA
94,2,E,ACUITZERAMO
94,3,E,JAMANDUCUARO
94,4,E,HUITZO
94,5,E,GIL
94,6,E,ACUMBARO
94,7,E,LAS GALLINAS
94,8,E,UREPETIRO
94,9,E,EL TECOLOTE
94,10,E,LA ESTANCITA
94,11,H,MORENO DE BRAVO
95,1,E,LA CALERA
95,2,E,SANTA CLARA
95,3,E,SAN FRANCISCO
95,4,C,SANTA INES
95,5,E,LA MAGDALENA
95,6,E,EL PUENTE DE TOCUMBO
95,7,C,TOCUMBO
95,8,E,TOCUMBO
95,12,E,MORELOS
96,1,E,LIC. BENITO JUAREZ
96,2,E,LAS CARAMICUAS
96,3,E,LOS CHIVOS Y ANEXOS
96,4,E,LAS CRUCES
96,5,E,PROFESOR GRACIANO SANCHEZ
96,6,E,SAN JUAN DE LOS PLATANOS
96,7,E,LA NOLASCA
96,8,E,SANTA MARIA
96,9,E,EL PLATANAL
96,11,E,TUMBISCATIO
96,12,E,VILLA DE RUIZ CORTINEZ
96,13,E,ARUCHA
97,1,E,TURICATO
97,2,E,LAS ANONAS
97,3,E,ZARATE
97,5,E,EL CAHULOTE SECO
97,6,E,CUAMACUARO
97,7,E,PURUARAN
97,8,E,EL CAHULOTE
97,9,E,EL ENCANTO
97,10,E,"TAVERA, LAS CUEVAS Y LOS BANCOS"
97,11,E,LA LOBERA
97,12,E,EL REMATE
97,13,E,LOS NOGALES
97,14,E,SAN CRISTOBAL DE LOS GUAJES
97,15,E,PETATAN
97,16,E,CHIRAPEZ
97,17,E,CUITZIAN GRANDE
97,18,E,CURINDALES DE MARITANGACHO
97,19,E,SANTA CRUZ
97,20,E,LA PAROTA
97,21,E,ATIJO
97,22,E,ETUCUARILLO Y SU ANEXO OJO DE AGUA
98,1,E,PATAMBARO
98,2,E,LAGUNA SECA
98,3,E,PUERTO DEL OBISPO
98,4,E,SANTIAGO TUXPAN
98,5,E,JACUARILLO
98,6,E,JARIPITIO
98,7,E,ORTIGA DE LA REFORMA
98,8,E,CORUCHA
98,9,E,EL AILAR O PUERTO DE LA SEPULTURA
98,10,E,LOS AILES
98,11,E,LAS JOYAS
98,12,E,RIO GRANDE
98,13,E,SANTA ANA
98,14,E,PUERTO DE LA CANTERA
98,15,E,HUIRUNIO
98,16,E,EL AGUACATE
98,20,E,TURUNDEO
99,1,E,ACUCHA
99,2,H,ASOLEADERO
99,3,E,LA GUACAMAYA O LAS CANOAS
99,4,E,CASCALOTE DEL SALITRE
99,5,E,CURIJINEO
99,6,E,CHIRANGANGUEO Y SU ANEXO LAS ANONAS
99,7,E,EL BRASIL O BENITO JUAREZ
99,8,E,PUEBLO NUEVO DEL HUACAZ
99,9,E,CURINGUCA
99,10,E,EL OLIVO
99,11,E,EL CERRITO O EL ORGANISTA
99,12,E,LAS JOYAS DE MIRANDA
99,13,E,LAS GARZAS
99,14,E,LOS PINZANES
99,15,E,MAGUEY Y ACUICHO
99,16,H,MARTIREZ DE CHAPARRO
99,17,E,PASO DE NICOLAS ROMERO
99,18,H,N.C.P.A. SAN ANTONIO
99,19,E,SOLEDAD CHIQUITA
99,20,E,SOLEDAD GRANDE
99,21,E,TAMATA
99,22,E,TARACATIO
99,23,E,TIRIPITIO
99,24,E,TUZANTLA
99,25,E,EL RODEO
99,26,E,LOS COECILLOS
99,27,H,N.C.P.E. SANTA ROSA DE ZAPATA
99,28,E,EL TEPEHUAJE
100,2,H,EL JAGUEY
100,3,E,TZINTZUNTZAN
100,4,CH,TZINTZUNTZAN
100,5,C,COMUNIDAD PACANDA
100,6,CH,IHUATZIO
100,7,C,SAN PEDRO CUCUCHUCHO
100,8,E,EL TIGRE
100,9,E,LA NORIA
101,1,E,LA COLMENA
101,2,E,EL DERRUMBADERO DEL GUAYABO
101,3,E,SAN PEDRO IXTAPAN COPUYO
101,4,E,TAFETAN
102,1,C,ANGAHUAN
102,2,E,LA BASILIA
102,3,E,CARATACUA
102,4,E,CHERANGUERAN
102,5,E,SAN FRANCISCO URUAPAN Y SUS BARRIOS ANEXOS LA MAGD
102,6,E,SAN MARCOS Y SU ANEXO EL TERRERO
102,7,E,MATANGUARAN
102,8,E,SAN MARTIN BUENOS AIRES
102,9,E,NUEVO ZIROSTO
102,10,C,SANTA ANA ZIROSTO
102,11,E,EL SABINO
102,12,E,SANTA CATARINA
102,13,E,TIAMBA
102,14,CH,SAN LORENZO
102,15,C,SAN JUAN EVANGELISTA
102,16,C,SALVADOR COMBUTZIO PARICUTIN
102,17,E,JUCUTACATO Y SU ANEXO LA CAÑADA
102,18,E,TOREO EL BAJO Y SU ANEXO TOREO EL ALTO
102,19,CH,CORUPO
102,20,E,ZIRAPONDIRO
102,21,E,ZUMPIMITO
102,22,C,BARRIO DE SAN PEDRO
102,23,CH,BARRIO DE SAN FRANCISCO URUAPAN
102,24,C,SAN JUAN CAPACUARO
102,26,C,BARRIO DE SAN JUAN BAUTISTA
102,28,C,BARRIO DE SAN MIGUEL
102,29,C,SAN FRANCISCO JICALAN
102,31,E,LA QUINTA
102,32,E,LA CHICHICA
103,1,E,LA ARENA
103,2,E,CUMATILLO Y SUS ANEXOS
103,3,E,EL FORTIN
103,4,E,LA PALMA
103,5,E,OJO DE AGUA
103,6,E,PUEBLO VIEJO
103,7,E,SAN PEDRO CARO
103,8,E,LA ZAVILA
104,1,E,SAN ANTONIO GUARACHA
104,2,E,CERRITO COLORADO
104,3,E,COAMEO CHICO
104,4,E,COTIJARAN
104,5,E,GUARACHA O EMILIANO ZAPATA
104,6,E,LOS GRANADOS
104,7,E,JARIPO
104,8,E,JOYA DEL AIRE
104,9,E,LA JOYA
104,10,E,NICOLAS ROMERO
104,11,E,EL PLATANAL
104,12,E,LA PRESA NUEVA
104,13,E,LAS ZARQUILLAS
104,14,E,TARIMORO
104,15,E,EL VARAL
104,16,E,VILLAMAR
104,18,E,RINCON DE JARIPO
104,20,E,RINCON DEL CHINO
105,1,E,EL ALVAREÑO
105,2,E,EL CAPULIN
105,3,E,EL COENQUÑO
105,4,E,LA ANGOSTURA
105,5,E,LOS PILARES
105,6,E,LAZARO CARDENAS
106,1,E,EL CAMICHE
106,2,E,CERRO BLANCO
106,3,E,CERRO COLORADO
106,4,E,EL REFUGIO
106,5,E,EMILIANO ZAPATA
106,6,E,GUAMUCHIL GRANDE
106,7,E,LA JOYA
106,8,E,MIRANDILLAS
106,9,E,MONTELEON
106,10,E,SAN ANTONIO
106,11,E,EL TEQUESQUITE
106,12,E,YURECUARO
106,13,E,MUNGUIA
107,1,E,LA ANGOSTURA
107,2,E,LAS CANOAS
107,3,E,TIRINDARO
107,4,E,NARANJA
107,5,E,BUENAVISTA
107,6,E,MORELOS
107,7,E,EL COYOLOTE
107,9,E,VILLA DE ZACAPU DE MIER
107,10,E,LA COFRADIA
107,11,E,TAREJERO
107,12,E,CANTABRIA
107,13,E,SAN ANTONIO TARIACURI
107,14,E,LA VIRGEN
107,15,E,LA ESCONDIDA
107,16,E,SANTA GERTRUDIS
107,17,E,AJOLOTES
107,18,E,EL PUEBLITO
107,19,C,NARANJA DE TAPIA
107,20,C,TIRINDARO
107,21,E,COFRADIA AJOLOTES
107,23,C,LAZARO CARDENAS Nº 2
107,24,E,DAVID FRANCO REYES - CARATACUA
107,26,E,LAS CANOAS DOS
108,1,E,SANTIAGUILLO
108,2,E,ARIO DE RAYON
108,3,E,SANTA MARIA ATACHEO
108,4,E,ATECUCARIO
108,5,E,CHAPARACO
108,6,E,SANTA CRUZ
108,7,E,EL ESPIRITU
108,8,E,ESTANCIA DE AMEZCUA
108,9,E,FRANCISCO J. MUJICA
108,10,E,EL HUAMUCHIL
108,11,E,INDEPENDENCIA (LA LABOR)
108,12,E,LA LADERA
108,13,E,EL LLANO
108,14,E,OJO DE AGUA
108,15,E,POTRERILLOS
108,16,E,LA RINCONADA
108,17,E,ROMERO DE GUZMAN
108,18,E,ROMERO DE TORRES
108,19,E,LA SAUCEDA
108,20,E,SAUZ DE ABAJO
108,21,E,SAUZ DE ARRIBA
108,22,E,SAUZ DE MAGA?A
108,24,E,TIERRAS BLANCAS
108,25,E,VILLA FUERTE
108,26,E,MIRAFLORES (VILLA ZAPATA)
108,27,E,ZAMORA
109,1,E,EL TIGRE
109,2,E,SANTA EDUWIGES
109,3,E,ZINAPARO
109,4,E,ZIPAQUIO
109,9,C,ZINAPARO
109,10,E,LOS MAGAÑA
109,11,E,LOS SAUCES
109,12,E,LOS OTATES
110,1,E,ARARO
110,2,C,SAN AGUSTIN UCAREO
110,3,E,GERAHUARO
110,4,C,SANTA ANA GERAHUARO
110,6,E,SAN BARTOLOME CORO
110,7,E,SAN BERNARDO
110,8,E,BELISARIO DOMINGUEZ
110,9,E,SANTA CLARA DEL TULE
110,10,E,"SANTA CRUZ, LA PARRA Y EL CARPINTERO"
110,12,E,SAN ILDEFONSO
110,13,E,JACUARILLO
110,14,E,JOSE MARIA MORELOS (YEGUERIA)
110,15,E,SAN JOSE DEL RINCON
110,16,E,SAN JOAQUIN JARIPEO
110,17,E,LA LAGUNILLA O EL JARAL
110,18,E,SAN MIGUEL TAIMEO
110,19,E,SAN NICOLAS SIMIRAO
110,20,E,OJOS DE AGUA
110,21,E,OJO DE AGUA DE BUCIO
110,23,E,LAS PALOMAS
110,24,C,SAN PEDRO BOCANEO
110,25,E,SAN PEDRO BOCANEO
110,26,E,EL ROSARIO ANTES ZIRANDARO
110,27,E,TAIMEO EL CHICO
110,29,E,UCAREO
110,30,E,ZINAPECUARO
110,31,E,OJO DE AGUA DEL CUERVO
110,32,E,EL RINCON
110,35,E,EL CRUCERO (FRANCISCO VILLA)
110,36,E,ESTACION QUERENDARO
110,37,E,LA LABOR
110,40,E,LAZARO CARDENAS
111,2,E,CARACHA
111,3,E,EL COPAL
111,5,E,LOS NARANJOS
111,6,E,PATUAN
111,7,CH,SAN ANGEL ZURUMUCAPIO
111,9,E,ZIRACUARETIRO
111,10,E,ZIRIMICUARO
111,11,E,SAN ANDRES CORU
111,12,E,SAN ANGEL ZURUMUCAPIO
111,13,C,EL MESON Y SU ANEXO ANGACHUEN
112,1,E,AHORCADOS
112,2,C,APUTZIO DE JUAREZ
112,4,E,COATEPEC DE MORELOS
112,5,E,CRECENCIO MORALES
112,6,E,CURUNGUEO
112,7,E,CHICHIMEQUILLAS
112,8,H,LA CORTINA
112,9,E,LA ENCARNACION
112,10,E,KILOMETRO ONCE
112,11,E,MANZANILLOS
112,12,E,MESA ALTA
112,13,E,MESAS DE ENANDIO
112,14,C,NICOLAS ROMERO
112,15,E,OCURIO
112,16,E,SAN FELIPE LOS ALZATI
112,17,E,FRANCISCO SERRATO
112,18,E,SAN JUAN ZITACUARO
112,19,E,TIMBINEO
112,20,E,ZIRAHUATO HOY LOS BERNAL
112,21,E,APUTZIO DE JUAREZ
112,22,C,CARPINTEROS
112,23,C,CRECENCIO MORALES
112,24,CH,SAN FRANCISCO CURUNGUEO
112,25,E,DONACIANO OJEDA
112,27,E,NICOLAS ROMERO
112,28,C,SAN FELIPE LOS ALZATI
112,29,C,FRANCISCO SERRATO
112,30,C,SAN JUAN ZITACUARO
112,31,E,SAN FRANCISCO DEL BOSQUE
112,32,E,CAMEMBARO
112,33,C,DONACIANO OJEDA
112,34,E,COLONIA NUEVA
112,35,E,LINDAVISTA
112,36,E,DOS RIOS
113,1,E,AGUA CALIENTE
113,2,E,EL ARCO
113,3,E,LA CALERA
113,4,E,CASA BLANCA
113,5,E,LOS CORRALES
113,6,E,GODINO
113,7,E,SAN JOSE HUIPANA
113,8,E,MANCERA
113,9,E,SAN MARTIN
113,10,E,MEZQUITE GORDO
113,11,E,PASTOR ORTIZ
113,12,E,RODEO DE SAN ANTONIO
113,13,E,TAFOYA
113,14,E,TIERRAS BLANCAS
113,15,E,TRES MEZQUITES
113,16,E,AGUA GORDA
113,17,E,EL ZAPOTE
113,19,H,LAZARO CARDENAS
